City_ID,City,Country,Lat,Lng,Max Temp,Humidity,Cloudiness,Wind Speed,Current Description
0,Thompson,CA,55.7435,-97.8558,24.96,93,100,6.91,light snow
1,Rikitea,PF,-23.1203,-134.9692,72.88,79,47,13.62,scattered clouds
2,Vardo,NO,70.3705,31.1107,31.98,86,75,17.27,broken clouds
3,Busselton,AU,-33.65,115.3333,62.47,57,68,8.08,broken clouds
4,Truro,GB,50.2653,-5.0544,60.08,88,75,19.57,broken clouds
5,Zhezkazgan,KZ,47.8043,67.7144,35.58,69,0,6.71,clear sky
6,Avarua,CK,-21.2078,-159.775,77.05,57,100,9.22,overcast clouds
7,Hobart,AU,-42.8794,147.3294,59.27,98,75,17.27,drizzle
8,Avera,US,33.194,-82.5271,67.37,52,100,7.87,overcast clouds
9,Port-Cartier,CA,50.0334,-66.8654,48.42,86,100,2.42,overcast clouds
10,Port Hardy,CA,50.6996,-127.4199,46.58,93,75,2.3,broken clouds
11,Albany,US,42.6001,-73.9662,66.61,89,38,4.65,scattered clouds
12,Saint George,US,37.1041,-113.5841,63.19,33,0,1.01,clear sky
13,Torbay,CA,47.6666,-52.7314,55.27,87,20,14.97,few clouds
14,Nikolskoye,RU,59.7035,30.7861,37.29,95,100,7.2,overcast clouds
15,Cap Malheureux,MU,-19.9842,57.6142,72.46,75,11,7.0,few clouds
16,Kenora,CA,49.8167,-94.4337,32.97,80,75,8.05,broken clouds
17,Launceston,AU,-41.45,147.1667,69.44,64,100,24.16,overcast clouds
18,Mataura,NZ,-46.1927,168.8643,51.48,97,100,4.41,light rain
19,Yellowknife,CA,62.456,-114.3525,21.72,86,75,10.36,broken clouds
20,Barrow,US,71.2906,-156.7887,21.22,86,100,23.02,overcast clouds
21,Aswan,EG,24.0934,32.907,68.16,46,0,8.48,clear sky
22,Ippy,CF,6.2679,21.2247,67.91,98,98,2.39,overcast clouds
23,Iracoubo,GF,5.4802,-53.2011,79.45,80,63,7.85,broken clouds
24,Bluff,NZ,-46.6,168.3333,51.8,90,100,10.18,light rain
25,Gorontalo,ID,0.5412,123.0595,84.29,69,99,0.43,overcast clouds
26,Tiksi,RU,71.6872,128.8694,17.85,88,100,14.99,overcast clouds
27,Hermanus,ZA,-34.4187,19.2345,59.81,79,100,12.64,overcast clouds
28,Vaini,TO,-21.2,-175.2,73.56,73,75,4.61,broken clouds
29,Bandarbeyla,SO,9.4942,50.8122,76.32,81,89,5.17,overcast clouds
30,Puri,IN,19.8,85.85,73.92,68,18,7.16,few clouds
31,Westport,US,41.1415,-73.3579,67.55,91,100,6.91,mist
32,Vitim,RU,59.4511,112.5578,30.49,89,100,11.72,light snow
33,Boueni,YT,-12.9025,45.0761,78.78,75,98,15.93,overcast clouds
34,Tateyama,JP,34.9833,139.8667,61.16,61,64,20.42,broken clouds
35,Cabo San Lucas,MX,22.8909,-109.9124,79.18,70,4,5.53,clear sky
36,Mana,GF,5.6592,-53.7767,79.14,83,92,7.61,overcast clouds
37,Alice Springs,AU,-23.7,133.8833,85.55,26,4,12.66,clear sky
38,Cherskiy,RU,68.75,161.3,4.21,89,100,4.99,overcast clouds
39,Hithadhoo,MV,-0.6,73.0833,81.93,76,82,12.68,broken clouds
40,Palmer,US,42.1584,-72.3287,65.91,85,100,0.0,overcast clouds
41,Qaanaaq,GL,77.484,-69.3632,18.16,94,100,8.5,light snow
42,Klaksvik,FO,62.2266,-6.589,47.32,92,79,8.93,broken clouds
43,Port Blair,IN,11.6667,92.75,78.84,94,75,1.14,mist
44,Bethel,US,41.3712,-73.414,66.9,89,100,0.0,mist
45,Hirara,JP,24.8,125.2833,78.66,57,20,14.97,few clouds
46,Hasaki,JP,35.7333,140.8333,63.0,63,83,28.81,broken clouds
47,Emba,KZ,48.8264,58.1442,38.19,72,100,19.24,overcast clouds
48,Ovre Ardal,NO,61.3167,7.8,43.07,100,100,2.48,overcast clouds
49,Soyo,AO,-6.1349,12.3689,76.6,92,58,6.53,broken clouds
50,Tautira,PF,-17.7333,-149.15,78.53,81,91,23.29,overcast clouds
51,Punta Arenas,CL,-53.15,-70.9167,46.51,66,100,11.5,overcast clouds
52,Narsaq,GL,60.9167,-46.05,28.62,71,22,6.98,few clouds
53,Kalemie,CD,-5.9475,29.1947,73.08,66,100,4.54,overcast clouds
54,Port Elizabeth,ZA,-33.918,25.5701,61.09,94,75,9.22,broken clouds
55,Kendari,ID,-3.945,122.4989,89.02,57,100,0.63,overcast clouds
56,Leshukonskoye,RU,64.8989,45.7622,28.58,96,35,5.14,scattered clouds
57,Jamestown,US,42.097,-79.2353,64.04,62,0,8.99,clear sky
58,Arraial Do Cabo,BR,-22.9661,-42.0278,70.97,78,1,8.32,clear sky
59,Kahului,US,20.8947,-156.47,87.82,69,20,26.46,few clouds
60,Fowa,NG,8.9167,6.4,74.5,89,100,2.57,light rain
61,Dwarka,IN,22.2394,68.9678,79.95,61,0,9.86,clear sky
62,Borazjan,IR,29.2666,51.2159,76.21,51,2,1.79,clear sky
63,Sao Joao Da Barra,BR,-21.6403,-41.0511,70.16,88,1,7.87,clear sky
64,Korla,CN,41.7597,86.1469,50.9,37,24,1.72,few clouds
65,Komsomolskiy,UZ,40.4272,71.7189,57.92,67,75,18.41,light rain
66,Beringovskiy,RU,63.05,179.3167,22.6,69,18,7.02,few clouds
67,Tocopilla,CL,-22.092,-70.1979,62.2,67,22,9.55,few clouds
68,Ponta Delgada,PT,37.7333,-25.6667,61.52,82,40,4.61,light intensity shower rain
69,Abu Samrah,SY,35.3029,37.1841,70.59,41,100,6.29,overcast clouds
70,Inhambane,MZ,-23.865,35.3833,76.15,89,28,11.05,scattered clouds
71,Pochutla,MX,15.7432,-96.4661,80.82,93,92,2.75,overcast clouds
72,Tuktoyaktuk,CA,69.4541,-133.0374,12.2,85,75,11.5,broken clouds
73,Pisco,PE,-13.7,-76.2167,60.85,88,0,18.41,clear sky
74,Brigantine,US,39.4101,-74.3646,64.2,98,100,4.0,fog
75,Puerto Ayora,EC,-0.7393,-90.3518,65.55,97,47,5.01,scattered clouds
76,Sidi Ali,DZ,36.0998,0.4206,71.87,40,96,4.88,overcast clouds
77,Whangarei,NZ,-35.7317,174.3239,65.82,50,72,6.58,broken clouds
78,Ponta Do Sol,PT,32.6667,-17.1,73.0,91,84,7.02,broken clouds
79,Idenao,CM,4.2475,9.0047,76.41,95,100,2.75,light rain
80,Tahta,EG,26.7693,31.5021,67.66,35,2,5.46,clear sky
81,Castro,BR,-24.7911,-50.0119,58.96,94,47,9.66,scattered clouds
82,Bilma,NE,18.6853,12.9164,68.22,16,0,4.05,clear sky
83,Palora,EC,-1.7,-77.9333,66.56,97,100,2.89,overcast clouds
84,Ushuaia,AR,-54.8,-68.3,47.86,49,75,9.22,broken clouds
85,Bakchar,RU,57.0186,82.0711,29.48,71,100,7.34,overcast clouds
86,Cape Town,ZA,-33.9258,18.4232,61.27,77,0,14.0,clear sky
87,San Vicente,AR,-26.6167,-54.1333,63.18,87,0,3.06,clear sky
88,Palimbang,PH,6.2106,124.1894,87.06,67,61,7.72,broken clouds
89,Bredasdorp,ZA,-34.5322,20.0403,61.05,72,100,9.46,overcast clouds
90,Mayumba,GA,-3.432,10.6554,76.87,90,100,3.85,light rain
91,Doba,TD,8.65,16.85,70.36,56,100,2.15,overcast clouds
92,Russell,US,32.3502,-85.1999,70.83,100,75,0.0,broken clouds
93,Prince Rupert,CA,54.3161,-130.3201,46.09,90,100,14.97,overcast clouds
94,Kavaratti,IN,10.5669,72.642,82.33,60,31,9.69,scattered clouds
95,Sao Filipe,CV,14.8961,-24.4956,78.24,77,100,4.43,overcast clouds
96,Biak,ID,-0.9131,122.8766,85.44,62,99,5.41,overcast clouds
97,Half Moon Bay,US,37.4636,-122.4286,62.51,76,40,23.02,mist
98,Ostrovnoy,RU,68.0531,39.5131,31.39,83,100,18.84,overcast clouds
99,Carnarvon,AU,-24.8667,113.6333,70.65,50,0,21.09,clear sky
100,Verkhnyaya Inta,RU,65.9811,60.3094,23.67,96,95,12.86,light snow
101,Kapaa,US,22.0752,-159.319,87.78,75,20,14.97,few clouds
102,Saskylakh,RU,71.9167,114.0833,-7.28,100,42,3.56,scattered clouds
103,Port Alfred,ZA,-33.5906,26.891,59.18,91,100,1.99,overcast clouds
104,Hilo,US,19.7297,-155.09,82.13,72,0,5.01,clear sky
105,Lorengau,PG,-2.0226,147.2712,86.79,60,96,5.48,overcast clouds
106,El Paraiso,HN,13.8667,-86.55,68.16,93,100,1.36,overcast clouds
107,Ust-Nera,RU,64.5667,143.2,19.31,91,100,12.86,light snow
108,Bengkulu,ID,-3.8004,102.2655,75.87,92,100,4.68,overcast clouds
109,Tasiilaq,GL,65.6145,-37.6368,30.36,92,100,5.28,light snow
110,Belokurikha,RU,51.9959,84.9896,33.71,34,0,4.85,clear sky
111,Phaltan,IN,17.9833,74.4333,68.58,63,0,0.51,clear sky
112,Rorvik,NO,64.8621,11.2373,48.31,87,100,5.75,overcast clouds
113,Luderitz,NA,-26.6481,15.1594,61.81,63,76,11.39,broken clouds
114,Namatanai,PG,-3.6667,152.4333,84.4,69,95,3.71,light rain
115,Victoria,HK,22.2855,114.1577,77.38,67,81,11.01,broken clouds
116,Talnakh,RU,69.4865,88.3972,5.36,96,91,2.37,overcast clouds
117,Agadir,MA,30.4202,-9.5982,75.65,23,100,10.13,overcast clouds
118,Atuona,PF,-9.8,-139.0333,77.31,73,6,17.65,clear sky
119,Clyde River,CA,70.4692,-68.5914,3.43,72,0,5.75,clear sky
120,Leningradskiy,RU,69.3833,178.4167,3.83,87,14,4.45,few clouds
121,Peruibe,BR,-24.32,-46.9983,66.15,90,37,5.28,scattered clouds
122,Sitka,US,57.0531,-135.33,44.49,70,100,8.05,light rain
123,Mogok,MM,22.9167,96.5,69.44,86,100,1.1,overcast clouds
124,Mount Isa,AU,-20.7333,139.5,87.57,45,75,18.41,broken clouds
125,Lebu,CL,-37.6167,-73.65,54.07,97,100,9.26,overcast clouds
126,Onguday,RU,50.75,86.15,28.2,39,26,3.31,scattered clouds
127,Kaitangata,NZ,-46.2817,169.8464,50.34,90,100,6.8,light rain
128,Olinda,BR,-8.0089,-34.8553,80.33,69,75,6.91,broken clouds
129,Huarmey,PE,-10.0681,-78.1522,62.78,83,19,9.8,few clouds
130,East London,ZA,-33.0153,27.9116,63.32,70,100,9.42,overcast clouds
131,Upernavik,GL,72.7868,-56.1549,23.72,95,100,5.55,light snow
132,Norman Wells,CA,65.282,-126.8329,17.64,86,100,4.61,overcast clouds
133,Moosomin,CA,50.1333,-101.6677,23.92,92,84,5.59,broken clouds
134,Kirkwall,GB,58.9848,-2.9587,53.65,94,100,10.36,overcast clouds
135,Faya,SA,18.3851,42.4509,57.31,71,0,2.64,clear sky
136,Panaba,MX,21.2833,-88.2667,78.4,78,90,6.22,overcast clouds
137,Severo-Kurilsk,RU,50.6789,156.125,41.63,62,1,8.93,clear sky
138,Karratha,AU,-20.7377,116.8463,89.26,17,0,18.59,clear sky
139,Khatanga,RU,71.9667,102.5,-4.09,99,96,3.87,overcast clouds
140,Georgetown,MY,5.4112,100.3354,84.24,81,20,2.3,few clouds
141,Dawlatabad,AF,36.4141,64.9053,56.75,75,17,5.82,few clouds
142,Bambous Virieux,MU,-20.3428,57.7575,72.21,83,75,11.5,light rain
143,Tukrah,LY,32.5341,20.5791,68.95,80,0,5.53,clear sky
144,Hambantota,LK,6.1241,81.1185,77.34,100,40,2.3,heavy intensity rain
145,Kruisfontein,ZA,-34.0033,24.7314,57.88,86,100,9.75,light rain
146,Vero Beach,US,27.6386,-80.3973,77.0,77,0,0.0,clear sky
147,Anklam,DE,53.8564,13.6897,48.38,95,26,6.91,scattered clouds
148,Havre-Saint-Pierre,CA,50.2334,-63.5986,50.36,100,100,3.44,fog
149,Choma,ZM,-16.8065,26.9531,70.25,43,67,2.91,broken clouds
150,Weston-Super-Mare,GB,51.346,-2.9766,61.45,94,100,17.27,overcast clouds
151,Pontianak,ID,-0.0333,109.3333,80.58,83,75,3.44,broken clouds
152,Ketchikan,US,55.3422,-131.6461,43.27,75,40,5.75,scattered clouds
153,Honiara,SB,-9.4333,159.95,85.53,71,69,7.0,broken clouds
154,Aitape,PG,-3.1374,142.3475,85.78,67,100,4.65,overcast clouds
155,Tan An,VN,10.5333,106.4167,84.22,79,100,4.74,overcast clouds
156,Itarema,BR,-2.9248,-39.9167,78.37,77,100,13.13,overcast clouds
157,Aquiraz,BR,-3.9014,-38.3911,80.69,78,32,10.45,scattered clouds
158,Nouadhibou,MR,20.931,-17.0347,70.66,81,5,10.78,clear sky
159,Besleney,RU,44.2405,41.7387,42.78,81,6,4.32,clear sky
160,Mar Del Plata,AR,-38.0023,-57.5575,62.94,81,100,13.0,light rain
161,Tutin,RS,42.9903,20.3314,48.36,92,6,1.3,clear sky
162,Camacha,PT,33.0833,-16.3333,67.42,94,20,12.66,few clouds
163,Lavrentiya,RU,65.5833,-171.0,27.45,77,59,13.24,broken clouds
164,Nedjo,ET,9.5046,35.5019,55.18,91,20,1.03,light rain
165,Umm Lajj,SA,25.0213,37.2685,78.26,60,1,8.99,clear sky
166,Chokurdakh,RU,70.6333,147.9167,8.65,95,100,1.52,light snow
167,Grants Pass,US,42.439,-123.3284,52.3,83,100,3.44,overcast clouds
168,Dong Xoai,VN,11.5333,106.9167,83.28,75,95,0.76,overcast clouds
169,New Norfolk,AU,-42.7826,147.0587,58.91,81,100,4.0,overcast clouds
170,Tebingtinggi,ID,3.3285,99.1625,75.67,94,100,1.66,moderate rain
171,Mount Gambier,AU,-37.8333,140.7667,60.71,94,100,14.97,overcast clouds
172,Erenhot,CN,43.6475,111.9767,33.91,46,6,12.44,clear sky
173,Broome,US,42.2506,-75.833,67.19,84,75,7.0,broken clouds
174,Zhigansk,RU,66.7697,123.3711,5.72,95,26,7.05,scattered clouds
175,Simbahan,PH,6.3032,120.5836,83.8,75,97,11.97,overcast clouds
176,Ribeira Grande,PT,38.5167,-28.7,61.77,74,64,11.01,broken clouds
177,Longyearbyen,SJ,78.2186,15.6401,12.04,79,20,10.36,few clouds
178,Doha,QA,25.2867,51.5333,80.58,69,0,2.3,clear sky
179,Meadow Lake,US,34.8014,-106.5436,55.11,36,0,1.23,clear sky
180,Chiredzi,ZW,-21.05,31.6667,75.49,58,3,5.14,clear sky
181,Lagoa,PT,39.05,-27.9833,62.51,69,37,24.72,light rain
182,Esperance,AU,-33.8667,121.9,62.46,67,28,10.76,scattered clouds
183,Ust-Tsilma,RU,65.441,52.1498,31.86,87,100,6.46,overcast clouds
184,Abu Dhabi,AE,24.4667,54.3667,78.82,75,0,1.01,clear sky
185,Saint-Joseph,RE,-21.3667,55.6167,66.58,70,12,9.66,few clouds
186,Anadyr,RU,64.75,177.4833,9.1,92,40,8.95,scattered clouds
187,Alta Floresta,BR,-9.8756,-56.0861,73.26,86,100,2.33,overcast clouds
188,Ancud,CL,-41.8697,-73.8203,51.85,97,97,13.82,light rain
189,Nyimba,ZM,-14.5566,30.8149,75.63,43,15,3.02,few clouds
190,Lodja,CD,-3.4833,23.4333,68.27,98,85,1.86,light rain
191,Beloha,MG,-25.1667,45.05,69.01,88,100,3.89,overcast clouds
192,Taksimo,RU,56.3444,114.8794,24.58,58,63,1.79,broken clouds
193,Conceicao Da Barra,BR,-18.5933,-39.7322,71.44,91,35,3.65,light rain
194,Hofn,IS,64.2539,-15.2082,42.6,81,100,15.86,overcast clouds
195,Inuvik,CA,68.3499,-133.7218,14.86,85,75,5.75,light snow
196,Coquimbo,CL,-29.9533,-71.3436,55.13,82,0,5.75,clear sky
197,Fortuna,US,40.5982,-124.1573,53.94,92,0,8.05,clear sky
198,Port Moresby,PG,-9.4431,147.1797,92.62,55,40,9.22,haze
199,High Rock,BS,26.6208,-78.2833,77.02,69,2,6.69,clear sky
200,Praia,CV,14.9215,-23.5087,77.54,78,20,11.5,few clouds
201,Okhotsk,RU,59.3833,143.3,26.65,55,40,8.48,scattered clouds
202,Santa Isabel,BR,-23.3156,-46.2214,63.7,90,83,3.0,broken clouds
203,Port-Gentil,GA,-0.7193,8.7815,78.64,84,100,8.43,overcast clouds
204,Lujiang,CN,31.2581,117.2817,58.28,78,100,4.16,overcast clouds
205,Bukachacha,RU,52.9833,116.9167,31.55,39,8,2.04,clear sky
206,Mehamn,NO,71.0357,27.8492,33.75,86,100,13.8,overcast clouds
207,Requena,ES,39.4883,-1.1004,58.78,39,100,4.36,overcast clouds
208,Sungairaya,ID,0.7,108.9,84.49,69,72,4.65,broken clouds
209,Saint-Augustin,CA,51.226,-58.6502,51.17,87,100,8.43,overcast clouds
210,Pevek,RU,69.7008,170.3133,0.99,91,38,4.94,scattered clouds
211,Mahebourg,MU,-20.4081,57.7,72.25,83,75,11.5,broken clouds
212,Mtambile,TZ,-5.3833,39.7,75.54,85,48,8.03,light rain
213,Chuy,UY,-33.6971,-53.4616,59.27,87,73,12.19,broken clouds
214,Novokizhinginsk,RU,51.6115,109.5917,30.18,45,8,5.17,clear sky
215,Petropavlovsk-Kamchatskiy,RU,53.0452,158.6483,41.59,45,40,2.24,scattered clouds
216,Kaduqli,SD,11.0167,29.7167,70.52,36,27,7.87,scattered clouds
217,Pinega,RU,64.7001,43.3936,28.85,93,41,5.61,scattered clouds
218,Ayagoz,KZ,47.9714,80.4392,35.02,58,86,4.03,overcast clouds
219,Dingle,PH,10.9995,122.6711,83.21,81,100,11.21,overcast clouds
220,Jining,CN,35.405,116.5814,61.57,50,100,11.74,overcast clouds
221,Gavle,SE,60.6745,17.1417,46.35,99,100,1.99,overcast clouds
222,Haines Junction,CA,60.7522,-137.5108,21.15,68,60,3.44,broken clouds
223,Karpathos,GR,35.507,27.2132,64.36,88,1,6.91,clear sky
224,Fier,AL,40.7239,19.5561,64.27,60,5,3.44,clear sky
225,Tombouctou,ML,20.0,-3.0,75.54,18,5,11.43,clear sky
226,Sambava,MG,-14.2667,50.1667,68.99,88,49,6.62,scattered clouds
227,Salalah,OM,17.0151,54.0924,73.65,65,0,3.94,clear sky
228,Bertoua,CM,4.5833,13.6833,66.09,98,99,2.42,overcast clouds
229,Nokaneng,BW,-19.6667,22.2667,75.63,45,96,1.43,light rain
230,Iqaluit,CA,63.7506,-68.5145,28.13,79,75,23.02,light snow
231,Dikson,RU,73.5069,80.5464,23.94,76,100,0.27,overcast clouds
232,Langham,CA,52.3668,-106.9679,37.24,88,92,6.4,overcast clouds
233,Kodiak,US,57.79,-152.4072,45.91,87,20,6.91,few clouds
234,San Cristobal,VE,7.7669,-72.225,66.38,97,100,1.25,moderate rain
235,Naze,JP,28.3667,129.4833,72.52,57,97,16.8,overcast clouds
236,Deer Lake,CA,49.1667,-57.4316,51.66,100,75,3.44,broken clouds
237,Bawku,GH,11.0616,-0.2417,80.44,48,58,4.81,broken clouds
238,Wagar,SD,16.1525,36.2032,81.52,34,9,10.09,clear sky
239,Flinders,AU,-34.5833,150.8552,81.37,52,5,7.0,clear sky
240,Tete,MZ,-16.1564,33.5867,78.89,57,0,0.0,clear sky
241,Poum,NC,-20.2333,164.0167,76.91,77,1,6.04,clear sky
242,Asfi,MA,32.2994,-9.2372,75.13,41,100,8.61,overcast clouds
243,Stephenville,US,32.2207,-98.2023,58.82,54,0,0.0,clear sky
244,Porto Velho,BR,-8.7619,-63.9039,75.25,94,0,3.44,clear sky
245,Male,MV,4.1748,73.5089,80.55,94,20,4.61,few clouds
246,Muyezerskiy,RU,63.9333,31.65,28.76,91,100,6.58,overcast clouds
247,Cayenne,GF,4.9333,-52.3333,78.84,89,0,1.14,clear sky
248,Cupira,BR,-8.6167,-35.95,67.44,97,100,3.38,overcast clouds
249,Yerbogachen,RU,61.2767,108.0108,28.87,83,100,11.41,light snow
250,Buala,SB,-8.145,159.5921,84.15,74,41,5.17,light rain
251,Malanje,AO,-9.5402,16.341,64.0,95,57,3.56,broken clouds
252,Hopatcong,US,40.9329,-74.6593,65.1,95,100,1.01,overcast clouds
253,Vestmanna,FO,62.1564,-7.1664,45.52,100,100,3.44,overcast clouds
254,Mishkino,RU,55.3389,63.9175,29.01,80,100,9.35,overcast clouds
255,Los Llanos De Aridane,ES,28.6585,-17.9182,64.15,76,0,8.99,clear sky
256,Kuna,US,43.4918,-116.4201,48.76,62,0,5.75,clear sky
257,Yulara,AU,-25.2406,130.9889,80.74,21,0,11.48,clear sky
258,Sabha,LY,27.0377,14.4283,66.69,41,0,9.08,clear sky
259,Wattegama,LK,6.7989,81.4808,76.96,86,94,1.21,overcast clouds
260,Rawson,AR,-43.3002,-65.1023,58.05,53,54,13.0,broken clouds
261,Avanigadda,IN,16.0215,80.9181,73.09,82,2,5.3,clear sky
262,Cajamarca,PE,-7.1638,-78.5003,55.27,78,97,1.39,overcast clouds
263,Monrovia,LR,6.3005,-10.7969,78.57,88,82,5.68,broken clouds
264,Bathsheba,BB,13.2167,-59.5167,83.01,78,20,18.41,few clouds
265,Beja,TN,36.7256,9.1817,60.46,37,100,1.79,overcast clouds
266,Ucluelet,CA,48.9329,-125.5528,47.08,91,100,10.09,overcast clouds
267,Touros,BR,-5.1989,-35.4608,77.74,73,10,12.93,clear sky
268,Airai,TL,-8.9266,125.4092,74.8,53,100,1.23,overcast clouds
269,Keetmanshoop,NA,-26.5833,18.1333,70.14,25,98,2.04,overcast clouds
270,Aksarka,RU,66.5606,67.7975,19.81,87,97,5.91,overcast clouds
271,Mirnyy,RU,62.5353,113.9611,28.24,86,100,8.99,overcast clouds
272,Villefranche-Sur-Saone,FR,45.9833,4.7167,64.94,86,99,3.53,overcast clouds
273,Maarianhamina,AX,60.0973,19.9348,49.86,100,100,4.61,overcast clouds
274,Alugan,PH,12.2188,125.4808,82.42,86,100,14.52,overcast clouds
275,Ugoofaaru,MV,5.6667,73.0,81.57,76,95,8.14,overcast clouds
276,Lompoc,US,34.6391,-120.4579,62.02,72,0,12.66,haze
277,Aklavik,CA,68.2191,-135.0107,4.91,98,86,6.49,overcast clouds
278,Galle,LK,6.0367,80.217,78.33,85,100,3.18,light rain
279,Biltine,TD,14.5333,20.9167,72.39,18,2,7.99,clear sky
280,Saint-Philippe,RE,-21.3585,55.7679,67.59,78,25,11.56,scattered clouds
281,Monterey,US,36.2505,-121.2516,56.17,27,14,9.26,few clouds
282,Kimbe,PG,-5.5502,150.1429,88.88,61,100,7.05,light rain
283,Laguna,US,38.421,-121.4238,70.43,48,0,4.61,clear sky
284,Ushtobe,KZ,45.2514,77.9838,45.93,55,67,2.19,light rain
285,Butaritari,KI,3.0707,172.7902,82.2,74,60,5.28,broken clouds
286,High Level,CA,58.5169,-117.136,28.51,93,100,3.44,overcast clouds
287,Sintea Mare,RO,46.5167,21.6,46.51,86,1,3.74,clear sky
288,Olafsvik,IS,64.8945,-23.7142,42.39,81,100,21.0,overcast clouds
289,Cabedelo,BR,-6.9811,-34.8339,77.67,80,20,9.93,few clouds
290,Atar,MR,20.5169,-13.0499,84.61,14,100,5.84,overcast clouds
291,Namibe,AO,-15.1961,12.1522,67.8,86,27,6.91,scattered clouds
292,Tilichiki,RU,60.4667,166.1,32.63,83,100,23.17,overcast clouds
293,Chik,RU,54.9928,82.4311,26.35,79,0,8.95,clear sky
294,Tadine,NC,-21.55,167.8833,71.28,87,100,13.6,overcast clouds
295,Geraldton,AU,-28.7667,114.6,68.41,45,40,12.66,scattered clouds
296,Mehriz,IR,31.5917,54.4318,57.7,34,9,1.95,clear sky
297,San Francisco,US,37.7749,-122.4194,64.4,75,20,27.0,few clouds
298,Altay,CN,47.8667,88.1167,37.72,45,84,4.97,broken clouds
299,Taywarah,AF,33.35,64.4167,36.99,61,2,1.28,clear sky
300,Bom Jesus,BR,-9.0744,-44.3586,72.43,96,100,0.51,overcast clouds
301,Anito,PH,12.4497,125.2886,81.84,89,100,13.22,overcast clouds
302,Zhenhai,CN,24.2582,118.0905,73.08,62,47,21.39,scattered clouds
303,Road Town,VG,18.4167,-64.6167,84.24,84,20,10.36,few clouds
304,Freeport,US,40.6576,-73.5832,67.51,91,100,4.61,mist
305,Sobolevo,RU,54.4299,31.8996,44.33,95,100,6.78,overcast clouds
306,Ormond Beach,US,29.2858,-81.0559,74.01,91,44,5.01,scattered clouds
307,Sibolga,ID,1.7427,98.7792,80.98,77,100,0.38,overcast clouds
308,Vestmannaeyjar,IS,63.4427,-20.2734,45.05,84,100,29.71,overcast clouds
309,Hami,CN,42.8,93.45,53.55,31,100,2.95,overcast clouds
310,Galveston,US,29.3669,-94.9669,67.98,59,0,8.86,clear sky
311,Zapolyarnyy,RU,69.4154,30.8136,29.48,95,100,12.82,light snow
312,Sept-Iles,CA,50.2001,-66.3821,48.72,95,100,4.61,light intensity drizzle
313,Tura,IN,25.5198,90.2201,69.49,94,3,3.24,clear sky
314,Bangassou,CF,4.7413,22.8184,69.24,97,100,0.83,overcast clouds
315,Zyryanovsk,KZ,49.7386,84.2719,31.73,46,0,1.05,clear sky
316,Ambon,ID,-3.6954,128.1814,89.74,66,40,5.75,scattered clouds
317,Along,IN,28.1667,94.7667,69.46,93,99,0.92,overcast clouds
318,Taoudenni,ML,22.6783,-3.9836,78.69,14,78,9.78,broken clouds
319,Imbituba,BR,-28.24,-48.6703,62.82,90,46,9.4,scattered clouds
320,Souillac,MU,-20.5167,57.5167,71.98,83,75,11.5,broken clouds
321,Esso,RU,55.9333,158.7,29.77,83,95,5.48,overcast clouds
322,Khorixas,NA,-20.3667,14.9667,69.03,40,91,1.95,overcast clouds
323,Pangnirtung,CA,66.1451,-65.7125,22.14,75,100,9.42,overcast clouds
324,Nizhneangarsk,RU,55.7833,109.55,30.18,64,67,4.03,broken clouds
325,Hay River,CA,60.8156,-115.7999,33.78,93,100,3.44,light snow
326,Northam,GB,51.0333,-4.2167,58.39,93,100,19.1,overcast clouds
327,Faanui,PF,-16.4833,-151.75,79.63,76,95,22.44,light rain
328,Yeppoon,AU,-23.1333,150.7333,89.38,39,47,4.32,scattered clouds
329,Santo Antonio Da Platina,BR,-23.295,-50.0772,65.34,75,0,8.5,clear sky
330,Blackwater,AU,-23.5833,148.8833,89.82,22,42,7.83,scattered clouds
331,San Quintin,MX,30.4833,-115.95,66.56,67,0,11.92,clear sky
332,Sohag,EG,26.557,31.6948,64.69,34,0,8.01,clear sky
333,Nantucket,US,41.2835,-70.0995,66.31,98,100,12.66,mist
334,San Nicola,IT,40.6116,8.991,64.36,31,74,2.28,broken clouds
335,Nanyamba,TZ,-10.6833,39.8333,64.76,98,100,2.35,overcast clouds
336,Inta,RU,66.0317,60.1659,23.38,95,93,12.5,light snow
337,Oakdale,US,44.963,-92.9649,42.64,79,0,0.0,clear sky
338,Elmina,GH,5.0898,-1.348,77.36,88,81,3.8,light rain
339,Tainan,TW,22.9908,120.2133,80.51,57,40,5.75,scattered clouds
340,Ampanihy,MG,-24.7,44.75,68.5,80,100,4.09,overcast clouds
341,Shepsi,RU,44.0361,39.1489,58.1,67,60,5.14,broken clouds
342,Diu,IN,20.7141,70.9822,75.6,53,0,2.17,clear sky
343,Forestville,US,38.8451,-76.875,60.98,94,100,5.75,overcast clouds
344,Sandusky,US,41.3501,-83.1332,70.0,61,100,3.0,overcast clouds
345,Wagga Wagga,AU,-35.1167,147.3667,70.84,79,78,18.16,broken clouds
346,Praia Da Vitoria,PT,38.7333,-27.0667,60.76,88,20,12.46,few clouds
347,Celestun,MX,20.8667,-90.4,79.5,85,50,8.77,light rain
348,Brae,GB,60.3964,-1.353,51.62,88,100,9.08,overcast clouds
349,Yumen,CN,40.2833,97.2,45.3,35,0,12.59,clear sky
350,May Pen,JM,17.9645,-77.2451,81.61,89,29,2.39,scattered clouds
351,Bubaque,GW,11.2833,-15.8333,83.37,76,9,5.48,clear sky
352,Merauke,ID,-8.4667,140.3333,87.39,60,66,5.3,light rain
353,Lander,US,42.833,-108.7307,39.79,44,25,6.44,scattered clouds
354,Provideniya,RU,64.3833,-173.3,30.31,55,75,17.9,broken clouds
355,San Andres,CO,12.5847,-81.7006,82.42,83,40,6.91,scattered clouds
356,Baiyin,CN,36.5583,104.2081,55.11,68,100,2.95,overcast clouds
357,Daru,PG,-9.0763,143.2092,87.4,59,83,7.23,broken clouds
358,Nouakchott,MR,18.0858,-15.9785,76.93,74,95,11.14,overcast clouds
359,Wuwei,CN,37.9281,102.6414,52.48,45,5,3.42,clear sky
360,Salym,RU,60.0625,71.4789,27.88,89,32,4.43,scattered clouds
361,Solnechnogorsk,RU,56.1833,36.9833,30.04,80,73,7.92,broken clouds
362,Ilulissat,GL,69.2167,-51.1,21.67,96,100,9.48,light snow
363,Roma,US,43.2128,-75.4557,68.09,89,62,1.01,broken clouds
364,Aksha,RU,50.2814,113.2867,33.01,34,0,8.12,clear sky
365,Aviles,ES,43.5547,-5.9248,64.92,70,0,3.44,clear sky
366,Moron,AR,-34.6534,-58.6198,72.0,78,100,10.2,overcast clouds
367,Winona,US,43.9666,-91.7668,40.93,80,0,3.44,clear sky
368,Constitucion,CL,-35.3333,-72.4167,54.19,95,45,6.38,scattered clouds
369,Pierre,US,44.3683,-100.351,48.27,69,0,8.05,clear sky
370,Berlevag,NO,70.8578,29.0864,33.8,80,100,7.02,overcast clouds
371,Uvalde,US,29.3669,-99.767,63.32,42,0,0.0,clear sky
372,Peniche,PT,39.3558,-9.3811,66.29,92,1,10.96,clear sky
373,Mareeba,AU,-17.0,145.4333,96.44,44,0,2.95,clear sky
374,Flin Flon,CA,54.7682,-101.865,22.96,97,100,4.16,overcast clouds
375,Aksu,CN,41.1231,80.2644,50.72,31,100,2.42,overcast clouds
376,Cuamba,MZ,-14.8031,36.5372,73.49,43,45,4.74,scattered clouds
377,Benjamin Aceval,PY,-24.9667,-57.5667,77.59,73,0,6.4,clear sky
378,Grand Gaube,MU,-20.0064,57.6608,72.37,73,16,7.0,few clouds
379,Nome,US,64.5011,-165.4064,29.1,80,100,13.73,overcast clouds
380,Towada,JP,40.6127,141.2067,58.21,53,43,5.97,scattered clouds
381,Nyurba,RU,63.2842,118.3319,26.53,89,48,8.59,scattered clouds
382,Luanda,AO,-8.8368,13.2343,76.01,87,17,7.7,few clouds
383,Te Anau,NZ,-45.4167,167.7167,55.24,80,100,5.57,moderate rain
384,Dargaville,NZ,-35.9333,173.8833,65.26,55,100,3.78,overcast clouds
385,Turbat,PK,26.0023,63.044,78.66,44,0,2.86,clear sky
386,Puerto Del Rosario,ES,28.5004,-13.8627,73.15,88,100,5.75,overcast clouds
387,Hamilton,US,39.1834,-84.5333,65.93,88,100,9.22,light rain
388,Alofi,NU,-19.0595,-169.9187,78.69,53,75,12.66,broken clouds
389,Koslan,RU,63.4564,48.8989,28.67,95,90,5.46,overcast clouds
390,Talaya,RU,61.3833,152.75,14.94,80,3,5.23,clear sky
391,Hauterive,FR,46.0901,3.4459,59.76,90,39,5.79,scattered clouds
392,Bima,ID,-8.4667,118.7167,89.47,59,100,0.56,overcast clouds
393,Crotone,IT,39.0851,17.1178,74.19,51,13,7.99,few clouds
394,Shahr-E Babak,IR,30.1165,55.1186,58.21,21,3,6.35,clear sky
395,Sorland,NO,67.667,12.6934,44.46,68,100,4.0,overcast clouds
396,Waipawa,NZ,-41.4122,175.5153,61.07,59,96,15.21,overcast clouds
397,Maniitsoq,GL,65.4167,-52.9,27.39,72,100,10.11,overcast clouds
398,Rosarito,MX,32.3333,-117.0333,68.41,64,0,5.01,clear sky
399,Keti Bandar,PK,24.1447,67.4497,79.61,77,0,11.1,clear sky
400,Rtyne V Podkrkonosi,CZ,50.5052,16.0719,50.25,96,27,2.01,scattered clouds
401,Jacksonville,US,30.3322,-81.6556,69.03,84,40,0.0,scattered clouds
402,Katsuura,JP,35.1333,140.3,61.7,64,96,23.55,overcast clouds
403,Asekeyevo,RU,53.5742,52.7972,29.52,85,22,7.11,few clouds
404,Bundaberg,AU,-24.85,152.35,86.76,36,4,3.87,clear sky
405,Yulin,CN,22.6333,110.15,77.32,63,88,3.6,overcast clouds
406,Kalabo,ZM,-14.97,22.6814,71.71,57,51,5.57,light rain
407,Paamiut,GL,61.994,-49.6678,31.01,56,100,3.38,overcast clouds
408,Ahipara,NZ,-35.1667,173.1667,65.46,56,64,8.72,broken clouds
409,Linhares,BR,-19.3911,-40.0722,69.28,96,76,3.83,broken clouds
410,Qaqortoq,GL,60.7167,-46.0333,28.11,72,49,5.32,scattered clouds
411,Rio Branco,BR,-9.9747,-67.81,77.61,94,75,3.44,broken clouds
412,Aripuana,BR,-9.1667,-60.6333,72.27,96,93,2.04,overcast clouds
413,Cavalcante,BR,-13.7975,-47.4583,70.52,73,59,0.69,broken clouds
414,Muros,ES,42.7762,-9.0603,67.08,77,96,18.34,overcast clouds
415,Yomou,GN,7.5603,-9.2653,71.94,82,62,0.51,broken clouds
416,San Joaquin,US,37.9333,-121.3011,66.97,44,30,4.47,scattered clouds
417,Tolaga Bay,NZ,-38.3667,178.3,60.39,66,91,13.8,overcast clouds
418,Arzamas,RU,55.3949,43.8399,32.56,77,13,1.59,few clouds
419,Jacareacanga,BR,-6.2222,-57.7528,72.7,99,99,1.19,overcast clouds
420,Bougouni,ML,11.417,-7.479,74.97,43,13,2.77,few clouds
421,Dodge City,US,37.7528,-100.0171,53.22,42,0,1.01,clear sky
422,Ewa Beach,US,21.3156,-158.0072,83.57,69,40,10.36,scattered clouds
423,Cockburn Town,TC,21.4612,-71.1419,80.89,70,100,5.61,light rain
424,Roebourne,AU,-20.7833,117.1333,88.99,18,0,19.26,clear sky
425,Bloemfontein,ZA,-29.1211,26.214,54.88,88,100,2.3,overcast clouds
426,Aranos,NA,-24.1333,19.1167,70.5,13,100,8.21,overcast clouds
427,Okitipupa,NG,6.5047,4.7839,73.74,96,96,0.47,overcast clouds
428,Agapovka,RU,53.2973,59.1348,31.21,76,34,12.59,scattered clouds
429,Saint-Georges,GD,12.0564,-61.7485,82.08,83,40,17.27,scattered clouds
430,Camana,PE,-16.6228,-72.7111,61.74,85,80,7.7,broken clouds
431,Karema,TZ,-6.8205,30.4389,77.83,52,97,5.82,overcast clouds
432,Makariv,UA,50.4641,29.8113,51.19,94,98,10.07,overcast clouds
433,Svetlaya,RU,46.5389,138.3297,48.47,41,16,7.96,few clouds
434,Buraydah,SA,26.326,43.975,66.65,19,7,8.52,clear sky
435,Biloela,AU,-24.4167,150.5,89.01,23,6,7.61,clear sky
436,Namanga,KE,-2.5433,36.7905,63.64,87,94,7.14,overcast clouds
437,Dhidhdhoo,MV,6.8833,73.1,81.32,75,35,5.26,scattered clouds
438,Meulaboh,ID,4.1363,96.1285,79.25,83,100,4.03,overcast clouds
439,Mikkeli,FI,61.6886,27.2723,35.71,100,100,5.75,overcast clouds
440,Collie,AU,-33.3667,116.15,57.31,73,99,5.59,overcast clouds
441,Baculin,PH,7.4525,126.5842,81.01,81,100,6.71,overcast clouds
442,Kupang,ID,-10.1667,123.5833,90.18,66,20,9.22,few clouds
443,Segezha,RU,63.7415,34.3222,32.27,84,100,9.82,overcast clouds
444,Devils Lake,US,48.1128,-98.8651,35.94,79,100,5.99,overcast clouds
445,Ust-Kuyga,RU,70.0167,135.6,17.47,93,100,5.91,overcast clouds
446,Nioro,GM,13.35,-15.75,77.65,69,74,6.08,broken clouds
447,Wamba,NG,8.9333,8.6,72.63,76,94,2.84,overcast clouds
448,Portland,US,45.5234,-122.6762,51.82,92,100,11.5,moderate rain
449,Kipushi,CD,-11.7667,27.2333,64.15,71,69,0.74,broken clouds
450,Secovce,SK,48.7007,21.661,53.89,90,34,2.71,scattered clouds
451,Krasnoselkup,RU,65.7,82.4667,30.02,98,100,8.93,light snow
452,Quatre Cocos,MU,-20.2078,57.7625,72.09,81,9,10.54,light rain
453,Amazar,RU,53.858,120.875,30.74,57,9,2.19,clear sky
454,Dubinino,RU,55.6192,89.0911,30.2,49,2,3.44,clear sky
455,Nanlong,CN,31.3533,106.0631,60.62,90,100,0.36,overcast clouds
456,Turukhansk,RU,65.8167,87.9833,30.63,98,100,15.77,snow
457,Sanski Most,BA,44.7653,16.6656,54.63,92,70,2.46,broken clouds
458,Sur,OM,22.5667,59.5289,79.03,43,0,4.9,clear sky
459,Narok,KE,-1.0783,35.8601,55.71,79,67,4.68,broken clouds
460,Maltahohe,NA,-24.8333,16.9833,69.78,24,99,10.83,overcast clouds
461,Samarai,PG,-10.6167,150.6667,83.59,67,9,10.49,clear sky
462,Tupaciguara,BR,-18.5922,-48.705,73.94,34,40,6.89,scattered clouds
463,Sundumbili,ZA,-29.1337,31.3975,68.58,83,100,13.69,overcast clouds
464,Lucera,IT,41.5082,15.3351,63.05,71,8,3.56,clear sky
465,Sisimiut,GL,66.9395,-53.6735,25.03,78,97,8.75,overcast clouds
466,Mont-De-Marsan,FR,44.0,-0.6667,59.79,100,3,4.61,clear sky
467,Ewo,CG,-0.8725,14.8206,71.83,94,100,2.1,light rain
468,Kilgore,US,32.3863,-94.8758,56.52,54,0,5.48,clear sky
469,Salinopolis,BR,-0.6136,-47.3561,80.24,76,71,9.91,broken clouds
470,Bodden Town,KY,19.2833,-81.25,82.4,75,20,4.61,few clouds
471,Beyneu,KZ,45.3167,55.2,47.01,75,83,13.24,broken clouds
472,Redmond,US,47.674,-122.1215,49.33,92,100,5.99,moderate rain
473,Sedro-Woolley,US,48.5039,-122.2361,49.14,88,100,9.22,heavy intensity rain
474,Kenai,US,60.5544,-151.2583,31.14,97,100,14.97,light snow
475,Nanortalik,GL,60.1432,-45.2371,33.39,73,3,2.73,clear sky
476,Araouane,ML,18.9048,-3.5265,78.06,16,11,11.23,few clouds
477,Deputatskiy,RU,69.3,139.9,13.24,86,99,17.16,overcast clouds
478,Ballina,AU,-28.8667,153.5667,84.02,46,5,6.8,clear sky
479,Torbat-E Jam,IR,35.244,60.6225,56.12,77,100,4.94,overcast clouds
480,Auki,SB,-8.7676,160.7034,84.45,71,47,6.93,scattered clouds
481,Codajas,BR,-3.8367,-62.0569,76.48,93,100,1.97,overcast clouds
482,Clearwater,US,27.9659,-82.8001,74.93,80,0,1.99,clear sky
483,Hengshui,CN,37.7322,115.7011,65.37,39,100,15.3,overcast clouds
484,Paita,PE,-5.0892,-81.1144,63.57,83,66,13.06,broken clouds
485,Bilibino,RU,68.0546,166.4372,-4.49,95,72,2.51,broken clouds
486,Xinxiang,CN,35.3089,113.8672,61.45,55,100,5.23,overcast clouds
487,Hammerfest,NO,70.6634,23.6821,32.45,86,100,2.3,overcast clouds
488,Berdigestyakh,RU,62.0989,126.6992,27.12,93,99,7.47,overcast clouds
489,Sungai Padi,TH,6.0851,101.8766,78.58,91,100,1.92,overcast clouds
490,Coalinga,US,36.1397,-120.3602,64.04,41,57,2.53,broken clouds
491,San Matias,BO,-16.3667,-58.4,80.55,64,24,5.3,few clouds
492,Kaoma,ZM,-14.7833,24.8,63.82,70,18,3.67,few clouds
493,Fernie,CA,49.5,-115.0687,39.29,94,100,5.03,overcast clouds
494,Ulladulla,AU,-35.35,150.4667,75.87,50,14,4.52,few clouds
495,San Patricio,US,28.017,-97.5169,67.84,33,2,6.22,clear sky
496,Yei,SS,4.095,30.6779,65.32,96,48,2.17,scattered clouds
497,Sinop,TR,41.7711,34.8709,53.11,59,28,8.52,scattered clouds
498,Rumphi,MW,-11.0186,33.8575,68.7,54,54,5.55,broken clouds
499,Marzuq,YE,14.4,46.4667,63.66,55,6,0.96,clear sky
500,Bose,IT,45.4612,8.0137,60.21,90,20,4.09,few clouds
501,Patiya,BD,22.2931,91.9762,71.55,94,40,0.0,scattered clouds
502,Nizhniy Baskunchak,RU,48.2198,46.8311,37.53,66,16,3.11,few clouds
503,Gat,IL,31.61,34.7642,75.88,32,0,5.03,clear sky
504,Abha,SA,18.2164,42.5053,57.02,82,0,0.0,clear sky
505,Kampong Thum,KH,12.7111,104.8887,82.29,75,93,10.78,overcast clouds
506,Eyl,SO,7.9803,49.8164,77.68,80,25,2.86,scattered clouds
507,Seoul,KR,37.5683,126.9778,56.77,54,0,4.61,clear sky
508,Comodoro Rivadavia,AR,-45.8667,-67.5,59.81,55,100,10.56,overcast clouds
509,Saint Anthony,US,45.0205,-93.218,43.2,78,20,0.0,few clouds
510,Santa Vitoria,BR,-18.8386,-50.1214,77.79,35,0,7.96,clear sky
511,Bridlington,GB,54.0831,-0.1919,55.33,95,100,18.01,overcast clouds
512,Fort Nelson,CA,58.8053,-122.7002,22.41,89,100,2.35,overcast clouds
513,Patos De Minas,BR,-18.5789,-46.5181,73.83,49,54,2.8,broken clouds
514,Awjilah,LY,29.1081,21.2869,64.98,77,0,7.09,clear sky
515,Kulhudhuffushi,MV,6.6221,73.07,81.32,75,44,5.41,scattered clouds
516,La Rioja,ES,42.25,-2.5,44.38,78,100,7.45,overcast clouds
517,Ixtapa,MX,20.7,-105.2,74.16,94,26,1.23,scattered clouds
518,Podor,MR,16.6527,-14.9587,87.53,44,69,9.06,broken clouds
519,Kirakira,SB,-10.4544,161.9205,85.01,74,27,5.46,scattered clouds
520,Zachary,US,30.6485,-91.1565,64.72,57,0,7.0,clear sky
521,Camacari,BR,-12.6975,-38.3242,74.97,95,100,4.92,overcast clouds
522,Lima,PE,-12.0432,-77.0282,60.91,83,40,12.66,scattered clouds
523,Shache,CN,38.4167,77.2406,54.72,26,96,2.33,overcast clouds
524,Lagos,NG,6.5833,3.75,77.32,91,91,3.02,overcast clouds
525,Goderich,CA,43.7501,-81.7165,62.91,64,100,17.54,overcast clouds
526,Atlantic City,US,39.3643,-74.4229,64.02,95,100,1.01,overcast clouds
527,Nadvoitsy,RU,63.8667,34.3167,31.66,86,100,8.14,overcast clouds
528,Arica,CL,-18.475,-70.3042,60.22,83,36,4.61,scattered clouds
529,Mahon,ES,39.8885,4.2658,70.36,88,0,5.75,clear sky
530,Axim,GH,4.8699,-2.2405,76.93,88,82,3.83,broken clouds
531,Keflavik,IS,64.0049,-22.5624,45.03,81,100,18.41,overcast clouds
532,Mandera,KE,3.9366,41.867,78.03,71,90,12.84,overcast clouds
533,Businga,CD,3.3333,20.8833,70.0,97,100,1.52,overcast clouds
534,Saldanha,ZA,-33.0117,17.9442,58.12,89,10,10.29,clear sky
535,Xichang,CN,27.8964,102.2634,64.89,89,83,2.28,broken clouds
536,Mangrol,IN,21.1167,70.1167,76.69,65,1,4.21,clear sky
537,Orange Cove,US,36.6244,-119.3137,69.46,32,0,0.0,haze
538,Olenegorsk,RU,68.15,33.3,30.06,74,100,9.28,overcast clouds
539,Anahuac,MX,27.2333,-100.15,70.25,23,59,6.71,broken clouds
540,Padang,ID,-0.9492,100.3543,82.45,81,100,0.6,overcast clouds
541,Guarare,PA,7.8167,-80.2833,78.19,85,100,5.57,light rain
542,Great Yarmouth,GB,52.6083,1.7305,59.45,81,88,16.49,overcast clouds
543,Cidreira,BR,-30.1811,-50.2056,65.57,84,2,23.06,clear sky
544,Tevaitoa,PF,-16.7833,-151.5,79.7,76,100,22.48,light rain
545,Rupert,US,42.6191,-113.6772,38.17,71,23,3.78,few clouds
546,Bolama,GW,11.5833,-15.4667,80.91,72,7,4.12,clear sky
547,Zabol,AF,32.25,67.25,52.63,28,0,5.57,clear sky
548,Sembe,CG,1.6481,14.5806,70.45,99,100,0.98,overcast clouds
549,Kaeo,NZ,-35.1,173.7833,63.52,60,37,8.08,scattered clouds
550,Baghdad,IQ,33.3406,44.4009,72.16,19,6,8.86,clear sky
551,Nikolayevka,RU,53.1257,47.2041,31.03,77,16,4.88,few clouds
552,Namtsy,RU,62.7161,129.6658,25.9,93,93,5.93,overcast clouds
553,Uige,AO,-7.6087,15.0613,66.04,99,95,1.83,light rain
554,Aliwal North,ZA,-30.6937,26.7114,57.04,77,100,9.44,overcast clouds
555,Paso De Los Toros,UY,-32.8167,-56.5167,62.42,83,62,14.36,broken clouds
556,Warrnambool,AU,-38.3833,142.4833,58.84,94,100,10.58,overcast clouds
557,Sotnikovskoye,RU,45.0039,43.7772,44.06,73,94,6.58,overcast clouds
558,Tezu,IN,27.9167,96.1667,72.46,91,42,1.25,scattered clouds
559,Debre Birhan,ET,9.6833,39.5333,47.28,89,7,3.83,clear sky
560,Sola,VU,-13.8833,167.55,79.99,73,10,0.78,clear sky
561,Chilliwack,CA,49.1747,-121.9443,48.25,91,100,5.75,moderate rain
562,Dudinka,RU,69.4058,86.1778,-1.73,100,97,5.82,overcast clouds
563,Kamenka,RU,51.3223,42.7678,32.83,73,69,7.2,broken clouds
564,Sioux Lookout,CA,50.1001,-91.917,31.62,78,86,10.02,overcast clouds
565,Mao,ES,39.8885,4.2658,70.36,88,0,5.75,clear sky
566,Yima,CN,34.7381,111.8839,54.12,83,100,5.41,overcast clouds
567,Milyutinskaya,RU,48.6279,41.6679,47.46,74,100,8.19,overcast clouds
568,Yining,CN,29.0361,114.5636,63.45,49,99,1.7,overcast clouds
569,Naples,IT,40.8333,14.25,65.14,94,7,2.3,clear sky
570,Kalianget,ID,-7.05,113.9333,84.27,69,94,5.66,overcast clouds
571,Perrysburg,US,41.557,-83.6272,70.09,61,100,9.22,overcast clouds
572,Roald,NO,62.5833,6.1333,54.75,87,100,10.36,overcast clouds
573,Pringsewu,ID,-5.3582,104.9744,74.34,96,100,6.2,overcast clouds
574,Skibbereen,IE,51.55,-9.2667,58.1,85,69,28.95,broken clouds
575,Balkanabat,TM,39.5108,54.3671,56.25,62,3,3.15,clear sky
576,Lanzhou,CN,36.0564,103.7922,59.0,66,100,3.31,overcast clouds
577,Kifri,IQ,34.6959,44.9661,68.67,24,8,2.93,clear sky
578,Belfast,GB,54.5833,-5.9333,58.82,89,100,16.11,overcast clouds
579,Venecia,CO,5.9628,-75.7381,70.5,98,100,0.67,overcast clouds
580,Sarana,RU,56.4773,57.7259,27.16,93,85,4.38,overcast clouds
581,Masvingo,ZW,-20.0637,30.8277,72.48,50,0,6.02,clear sky
582,Eugene,US,44.0521,-123.0867,53.94,88,100,5.01,overcast clouds
583,Oil City,US,41.4339,-79.7064,64.0,68,0,11.5,clear sky
584,Fairbanks,US,64.8378,-147.7164,22.91,84,100,6.8,overcast clouds
585,Estelle,US,29.8458,-90.1067,71.6,62,0,4.61,clear sky
586,Tuatapere,NZ,-46.1333,167.6833,52.11,94,100,7.27,overcast clouds
587,Caravelas,BR,-17.7125,-39.2481,71.44,92,0,4.21,clear sky
588,Gombong,ID,-7.6072,109.5142,74.23,95,100,2.08,overcast clouds
589,Guanare,VE,9.0418,-69.7421,74.86,85,72,1.66,broken clouds
590,Yenagoa,NG,4.9247,6.2642,74.52,95,100,3.18,overcast clouds
591,Eregli,TR,37.5133,34.0467,48.45,47,0,0.63,clear sky
592,Shelbyville,US,35.4834,-86.4603,62.04,88,40,8.05,scattered clouds
593,Verkhnevilyuysk,RU,63.4453,120.3167,25.5,90,98,7.87,overcast clouds
594,North Platte,US,41.1239,-100.7654,49.37,45,0,11.99,clear sky
595,Narnaul,IN,28.0444,76.1083,72.77,32,0,4.14,clear sky
596,Marrakesh,MA,31.6315,-8.0083,71.67,37,0,5.75,clear sky
597,Izhma,RU,65.0083,53.9113,28.85,94,100,5.3,overcast clouds
598,Obala,CM,4.1667,11.5333,68.11,98,100,0.47,overcast clouds
599,Dhangadhi,NP,28.7079,80.5961,66.18,74,0,2.28,clear sky
600,Guerrero Negro,MX,27.9769,-114.0611,68.9,54,0,14.16,clear sky
601,Gizo,SB,-8.103,156.8419,84.51,68,36,4.16,light rain
602,San Luis,AR,-33.295,-66.3356,61.38,75,78,18.68,broken clouds
603,Sol-Iletsk,RU,51.1631,54.9918,33.15,70,57,10.47,broken clouds
604,Epe,NG,6.5841,3.9834,76.6,89,74,3.74,broken clouds
605,Pitimbu,BR,-7.4706,-34.8086,76.96,77,10,9.06,clear sky
606,Berbera,SO,10.4396,45.0143,80.98,66,5,5.08,clear sky
607,Havoysund,NO,70.9963,24.6622,34.03,70,100,7.18,overcast clouds
608,Thinadhoo,MV,0.5333,72.9333,82.29,76,49,12.8,scattered clouds
609,Bogale,MM,16.2833,95.4,79.7,84,100,3.11,overcast clouds
610,Miri,MY,4.4148,114.0089,83.35,72,95,3.65,overcast clouds
611,Del Rio,US,29.3627,-100.8968,57.22,23,0,6.04,clear sky
612,Antalaha,MG,-14.9003,50.2788,68.56,83,1,3.91,clear sky
613,Price,US,39.5994,-110.8107,41.94,69,80,3.4,broken clouds
614,Kuliyapitiya,LK,7.4688,80.0401,76.68,91,55,2.57,broken clouds
615,Foumban,CM,5.7291,10.9001,62.42,86,99,2.24,overcast clouds
616,Kabansk,RU,52.0486,106.6528,34.72,46,0,5.48,clear sky
617,Roros,NO,62.5747,11.3842,35.44,100,100,1.14,mist
618,Kungurtug,RU,50.5994,97.5228,24.93,31,0,2.1,clear sky
619,Victoria Point,AU,-27.5833,153.3,90.25,49,29,4.0,scattered clouds
620,Sangar,RU,63.9242,127.4739,17.44,94,95,1.23,overcast clouds
621,Buchanan,LR,5.8808,-10.0467,77.49,89,36,6.06,light rain
622,Poli,TZ,-3.3333,36.8,58.78,92,66,5.77,broken clouds
623,Miguel Auza,MX,24.2933,-103.4503,61.83,41,3,2.93,clear sky
624,Conceicao Do Araguaia,BR,-8.2578,-49.2647,72.88,97,100,4.68,overcast clouds
625,Kudahuvadhoo,MV,2.6708,72.8944,81.75,76,48,9.98,scattered clouds
626,Tartus,SY,34.889,35.8866,74.73,48,20,4.85,few clouds
627,Coihaique,CL,-45.5752,-72.0662,46.29,97,100,4.12,light rain
628,Srednekolymsk,RU,67.45,153.6833,13.62,94,100,10.18,light snow
629,Opuwo,NA,-18.0607,13.84,68.74,44,20,0.96,few clouds
630,Acapulco,MX,16.8634,-99.8901,80.46,87,100,6.06,light rain
631,Polyarnyy,RU,69.1989,33.4478,32.52,72,100,17.29,overcast clouds
632,Lebork,PL,54.5392,17.7501,54.91,96,23,9.84,few clouds
633,Basco,PH,20.4487,121.9702,78.31,66,100,25.1,overcast clouds
634,Nalut,LY,30.3333,10.85,66.22,30,2,7.85,clear sky
635,Halifax,CA,44.6453,-63.5724,62.49,97,100,2.57,overcast clouds
636,Virginia Beach,US,36.8529,-75.978,63.01,96,100,4.61,fog
637,Swedru,GH,5.5371,-0.6998,74.08,95,99,1.45,overcast clouds
638,Gornozavodsk,RU,58.3758,58.3211,23.4,93,58,7.2,broken clouds
639,Hervey Bay,AU,-25.2986,152.8535,86.02,73,0,8.99,clear sky
640,Port Hedland,AU,-20.3167,118.5667,91.45,12,0,20.71,clear sky
641,Sao Jose Da Coroa Grande,BR,-8.8978,-35.1478,76.46,82,85,10.51,overcast clouds
642,La Orilla,MX,17.9833,-102.2333,79.29,86,33,4.88,scattered clouds
643,Antigonish,CA,45.6169,-61.9986,64.02,97,42,1.01,scattered clouds
644,Marsassoum,SN,12.8275,-15.9806,76.51,76,53,4.29,broken clouds
645,Chifeng,CN,42.2683,118.9636,47.46,47,99,15.82,overcast clouds
646,A Coruna,ES,43.3713,-8.396,65.89,84,100,11.01,overcast clouds
647,Muravlenko,RU,63.7898,74.523,17.11,93,86,14.61,overcast clouds
648,Isetskoye,RU,56.4858,65.3226,28.26,83,100,5.73,overcast clouds
649,Paramirim,BR,-13.4425,-42.2389,73.17,74,76,3.58,broken clouds
650,Puerto Escondido,MX,15.85,-97.0667,79.97,86,60,2.62,light rain
651,Bowen,AU,-20.0167,148.2333,83.95,74,8,12.68,clear sky
652,Richards Bay,ZA,-28.783,32.0377,70.88,84,98,17.47,overcast clouds
653,Aquin,HT,18.2833,-73.4,77.67,78,30,2.21,scattered clouds
654,Anloga,GH,5.7947,0.8973,79.59,83,89,6.08,light rain
655,Beisfjord,NO,68.3751,17.5988,28.04,83,96,1.95,overcast clouds
656,Kavieng,PG,-2.5744,150.7967,83.97,73,100,5.14,light rain
657,Talcahuano,CL,-36.7167,-73.1167,54.0,96,83,8.3,broken clouds
658,Garachine,PA,8.0647,-78.3628,77.72,89,90,7.27,light rain
659,Pemangkat,ID,1.1667,108.9667,82.83,73,82,4.56,broken clouds
660,Nogales,MX,31.3086,-110.9422,62.31,41,0,4.61,clear sky
661,Port Lincoln,AU,-34.7333,135.8667,61.68,70,95,13.6,overcast clouds
662,Tabuk,PH,17.4189,121.4443,77.41,76,99,10.45,overcast clouds
663,Artesia,US,33.8658,-118.0831,71.08,64,0,5.75,clear sky
664,Henties Bay,NA,-22.116,14.2845,56.91,97,46,4.05,scattered clouds
665,Johi,PK,26.6921,67.6133,81.05,31,0,6.38,clear sky
666,Glenwood Springs,US,39.5505,-107.3248,40.01,93,61,6.91,broken clouds
667,Pandan,PH,14.0453,124.1694,81.32,86,100,18.79,overcast clouds
668,Fengzhen,CN,40.4394,113.1536,44.19,50,99,17.34,overcast clouds
669,Maldonado,UY,-34.6667,-54.9167,61.23,88,95,10.76,heavy intensity rain
670,Kyra,RU,49.5776,111.9753,28.4,39,0,4.03,clear sky
671,Devonport,AU,-41.1667,146.35,68.02,88,100,1.92,overcast clouds
672,Noumea,NC,-22.2763,166.4572,85.98,78,72,13.91,broken clouds
673,Miechow,PL,50.3565,20.0279,53.15,92,7,6.82,clear sky
674,Misratah,LY,32.3754,15.0925,74.53,63,0,8.72,clear sky
675,Batagay-Alyta,RU,67.8006,130.4114,17.02,67,100,8.23,overcast clouds
676,Dourbali,TD,11.8091,15.8632,78.19,23,14,6.6,few clouds
677,Belmonte,BR,-15.8631,-38.8828,73.94,86,73,5.64,broken clouds
678,Novobirilyussy,RU,56.9514,90.6661,30.24,66,44,6.2,scattered clouds
679,Shingu,JP,33.7333,135.9833,63.61,43,0,4.05,clear sky
680,Riviere-Au-Renard,CA,48.9957,-64.3971,52.61,95,100,0.96,overcast clouds
681,Gravdal,NO,68.1214,13.5031,40.95,69,63,2.93,broken clouds
682,Wawa,NG,9.9022,4.4192,76.48,71,97,2.39,overcast clouds
683,Kabinda,CD,-6.1333,24.4833,66.25,93,100,2.84,light rain
684,Guantanamo,CU,20.1444,-75.2092,74.77,89,26,3.15,scattered clouds
685,Yandyki,RU,45.7691,47.1258,42.51,72,0,4.76,clear sky
686,Sevilla,ES,37.3824,-5.9761,68.0,92,100,3.44,overcast clouds
687,Tignere,CM,7.3667,12.65,64.33,76,60,1.12,broken clouds
688,Nuuk,GL,64.1835,-51.7216,30.81,86,20,5.75,few clouds
689,Innisfail,AU,-17.5333,146.0333,87.17,60,5,11.07,clear sky
690,Isiolo,KE,0.3546,37.5822,66.69,80,43,5.7,scattered clouds
691,Clarence Town,AU,-32.5833,151.7833,82.62,46,99,13.02,overcast clouds
692,Dakar,SN,14.6937,-17.4441,79.68,78,77,14.72,broken clouds
693,Salinas,US,36.6777,-121.6555,59.43,73,0,8.05,clear sky
694,Margate,GB,51.3813,1.3862,61.3,86,99,5.01,overcast clouds
695,Tulun,RU,54.5611,100.5792,29.61,48,8,7.29,clear sky
696,Santa Vitoria Do Palmar,BR,-33.5189,-53.3681,59.7,87,54,12.48,broken clouds
697,Poronaysk,RU,49.2167,143.1167,50.74,56,21,14.43,few clouds
698,Kedougou,SN,12.5579,-12.1743,75.22,70,16,1.99,few clouds
699,Odienne,CI,9.51,-7.5692,72.64,68,6,2.08,clear sky
700,Cilegon,ID,-6.0174,106.0538,77.22,89,100,12.93,moderate rain
701,Ipixuna,BR,-1.7625,-48.8043,73.89,96,100,4.21,overcast clouds
702,Bud,US,39.447,-86.1758,62.67,97,100,16.06,overcast clouds
703,Kloulklubed,PW,7.0419,134.2556,84.0,78,100,20.15,overcast clouds
704,Sistranda,NO,63.7256,8.834,46.36,92,99,10.49,overcast clouds
705,Kurilsk,RU,45.2333,147.8833,45.66,49,5,2.93,clear sky
706,Bitung,ID,1.4451,125.1824,90.45,69,76,8.14,broken clouds
707,Norrtalje,SE,59.758,18.705,50.02,96,100,6.53,overcast clouds
708,Teya,RU,60.3778,92.6267,28.94,74,100,13.85,overcast clouds
709,Ormara,PK,25.2088,64.6357,79.48,65,0,1.05,clear sky
710,San Jose,US,37.3394,-121.895,63.3,68,20,11.5,few clouds
711,Wasilla,US,61.5814,-149.4394,34.93,66,100,14.97,overcast clouds
712,Ramhormoz,IR,31.28,49.6035,79.81,20,26,5.26,scattered clouds
713,Dunedin,NZ,-45.8742,170.5036,49.6,90,100,5.48,overcast clouds
